-6789.182473447408	0.07346428571428572
-5292.405057848173	0.014649999999999995
-5314.796034251204	0.017399999999999995
-6024.713751326646	0.02154166666666671
-6579.771399179936	0.050499999999999996
-5314.796034251204	0.017399999999999995
-6068.458784289306	0.006346153846153842
-5785.3071577790115	0.010318181818181808
-6194.338924923167	0.00983333333333332
-5806.029612447376	0.01604545454545454
-6677.4355791616235	0.015769230769230758
-6897.573087341943	0.014571428571428582
-5977.501228282633	0.006416666666666667
-6565.393258825819	0.06642307692307692
-5578.989458705585	0.049045454545454545
-7106.056138405927	0.044499999999999984
-5314.796034251204	0.017399999999999995
-5840.860327922541	0.008227272727272725
-5785.3071577790115	0.010318181818181808
-6733.657273377585	0.05699999999999999
-6932.354339145437	0.024999999999999988
