-3258.1976577827263	0.1325
-3722.887705536417	0.11040000000000001
-3428.1701546246977	0.059499999999999977
-3637.2975513637653	0.11890000000000013
-4240.454659685987	0.16536363636363635
-3419.1970815716786	0.06369999999999995
-3860.7553333994792	0.16649999999999995
-3413.8419934536687	0.13190000000000002
-3952.0048630314927	0.1388636363636363
-3833.859448834496	0.13259090909090906
-2787.1717419235997	0.09205555555555556
-3804.880747002613	0.08804545454545452
-4292.784751105665	0.03450000000000002
-3397.2876990441864	0.11955
-3604.948531970103	0.12690909090909094
-3739.767855516903	0.14890909090909094
-3550.122153186976	0.10213636363636365
-3222.028109874943	0.07538888888888884
-3212.5434967280644	0.07465000000000001
-3208.7476008816107	0.10619999999999999
-3263.4791290619287	0.011999999999999981
-4423.8123747347945	0.11940000000000008
-3840.091094103505	0.0942
-3132.6422270418884	0.13627777777777778
-3294.9322971168904	0.05479999999999987
-3322.3238933021294	0.1546
-3520.7301493014006	0.1287777777777776
-3620.519055284791	0.05740000000000001
-3807.1198400017247	0.1748636363636364
-3877.0113572798286	0.06420000000000005
-4089.316151484245	0.07890909090909094
-3529.1857098118194	0.12010000000000001
-3269.4500676118005	0.05919999999999999
-3718.7906925193915	0.05304545454545459
-4083.4499187415977	0.06495
