-4682.974163996234	0.1461785714285714
-5274.9073540940135	0.20446428571428577
-3389.694604046868	0.2356666666666667
-4250.887345983195	0.14069230769230767
-4229.902063326352	0.1305
-4060.594790650257	0.11123076923076923
-3689.154758295545	0.08007692307692306
-2797.3578053104425	0.14649999999999996
-3674.26221205363	0.18449999999999997
-3971.481724172676	0.15771428571428567
-4343.086521253403	0.14062500000000003
-4175.8323175760215	0.07996153846153847
-4036.5476117745493	0.18730769230769231
-3205.817559063154	0.20084615384615392
-4172.794673162883	0.1843571428571428
