-2534.4155503741267	0.0
-3443.408127468177	0.07256249999999996
-3443.408127468177	0.07256249999999996
-2534.4155503741267	0.0
-3452.116751229838	0.07068749999999999
-3395.680077758096	0.038785714285714264
-3420.0188744603925	0.0392142857142857
-3379.1586540390786	0.012785714285714282
-3448.6839637419944	0.06456249999999995
-3452.116751229838	0.07068749999999999
-2713.4687439266054	1.6666666666666476E-4
-2988.2296648233864	0.002571428571428579
-3139.0060054135774	0.0026428571428571347
-3223.229314318667	0.0031874999999999924
-3448.6839637419944	0.06456249999999995
-3339.617973722171	0.004071428571428569
-3352.9907473765247	0.009928571428571422
-2819.191011291509	8.571428571428536E-4
-2908.5384858482	9.99999999999999E-4
-2739.1307965786946	7.142857142857112E-4
-3350.8593327588746	0.005928571428571431
-2819.191011291509	8.571428571428536E-4
-3374.514717784259	0.010642857142857128
-3379.1586540390786	0.012785714285714282
-2955.9137495074942	0.002285714285714275
-2929.62634776538	0.0011428571428571351
-3160.6076344814874	0.0028125000000000034
-3199.5016510373266	0.0030624999999999945
-3420.0188744603925	0.0392142857142857
-3345.2640079157327	0.004357142857142866
-3350.8593327588746	0.005928571428571431
-2955.9137495074942	0.002285714285714275
-2929.62634776538	0.0011428571428571351
-3199.5016510373266	0.0030624999999999945
-2739.1307965786946	7.142857142857112E-4
-3160.6076344814874	0.0028125000000000034
-3395.680077758096	0.038785714285714264
-2908.5384858482	9.99999999999999E-4
-3339.617973722171	0.004071428571428569
-3374.514717784259	0.010642857142857128
-3352.9907473765247	0.009928571428571422
-3345.2640079157327	0.004357142857142866
-3443.408127468177	0.07256249999999996
-2534.4155503741267	0.0
-3452.116751229838	0.07068749999999999
-3448.6839637419944	0.06456249999999995
-2819.191011291509	8.571428571428536E-4
-3420.0188744603925	0.0392142857142857
-2929.62634776538	0.0011428571428571351
-3199.5016510373266	0.0030624999999999945
-3160.6076344814874	0.0028125000000000034
-3395.680077758096	0.038785714285714264
-2908.5384858482	9.99999999999999E-4
-3374.514717784259	0.010642857142857128
-3352.9907473765247	0.009928571428571422
-3345.2640079157327	0.004357142857142866
-3443.408127468177	0.07256249999999996
-2534.4155503741267	0.0
-3452.116751229838	0.07068749999999999
-3448.6839637419944	0.06456249999999995
-2819.191011291509	8.571428571428536E-4
-2929.62634776538	0.0011428571428571351
-3160.6076344814874	0.0028125000000000034
-3395.680077758096	0.038785714285714264
-2908.5384858482	9.99999999999999E-4
-3374.514717784259	0.010642857142857128
-3352.9907473765247	0.009928571428571422
-3345.2640079157327	0.004357142857142866
-3199.5016510373266	0.0030624999999999945
-3443.408127468177	0.07256249999999996
-2534.4155503741267	0.0
-3452.116751229838	0.07068749999999999
-3448.6839637419944	0.06456249999999995
-2819.191011291509	8.571428571428536E-4
-2929.62634776538	0.0011428571428571351
-3160.6076344814874	0.0028125000000000034
-3395.680077758096	0.038785714285714264
-2908.5384858482	9.99999999999999E-4
-3374.514717784259	0.010642857142857128
-3352.9907473765247	0.009928571428571422
-3199.5016510373266	0.0030624999999999945
-3443.408127468177	0.07256249999999996
-2534.4155503741267	0.0
-3452.116751229838	0.07068749999999999
-3448.6839637419944	0.06456249999999995
-2819.191011291509	8.571428571428536E-4
-2929.62634776538	0.0011428571428571351
-3160.6076344814874	0.0028125000000000034
-3395.680077758096	0.038785714285714264
-3374.514717784259	0.010642857142857128
-3352.9907473765247	0.009928571428571422
-2534.4155503741267	0.0
-3443.408127468177	0.07256249999999996
-3452.116751229838	0.07068749999999999
-3448.6839637419944	0.06456249999999995
-2819.191011291509	8.571428571428536E-4
-2929.62634776538	0.0011428571428571351
-3160.6076344814874	0.0028125000000000034
-3395.680077758096	0.038785714285714264
-3374.514717784259	0.010642857142857128
